,artist_names,artists_id,danceability,energy,valence,tempo,loudness,mode,key,acousticness,instrumentalness,liveness,speechiness,explicit,duration_ms,popularity,year,release_date,song_title (censored),Unnamed: 19,genre,genre_id
67464,['Peggy Lee'],[467749],0.694,0.293,0.62,128.574,-9.414,0,2,0.976,0.00438,0.276,0.0394,0,192093,38,1928,1928,Why Don't You Do Right? (feat. Peggy Lee),,Avant-Garde,15.0
67465,['Peggy Lee'],[467749],0.753,0.311,0.842,152.942,-12.77,1,3,0.98,0.0632,0.339,0.0623,0,182867,0,1932,1932,Winter Weather,,Avant-Garde,15.0
67527,['Peggy Lee'],[467749],0.753,0.431,0.9,154.173,-10.177,1,3,0.914,0.0171,0.316,0.0505,0,180333,1,1936,1936,Winter Weather - Mono Recording,,Avant-Garde,15.0
67528,['Peggy Lee'],[467749],0.746,0.259,0.808,152.69,-15.288,1,3,0.979,0.0171,0.324,0.0637,0,181107,1,1936,1936,Winter Weather,,Avant-Garde,15.0
67466,['Peggy Lee'],[467749],0.794,0.174,0.656,121.843,-13.544,0,7,0.945,0.00725,0.276,0.0388,0,190573,41,1941,1941,On the Sunny Side of the Street,,Avant-Garde,15.0
67467,['Peggy Lee'],[467749],0.478,0.0274,0.111,79.722,-21.013,0,9,0.984,0.00387,0.0962,0.0342,0,200933,24,1941,1941,Where or When - 78rpm Version,,Avant-Garde,15.0
67468,['Peggy Lee'],[467749],0.718,0.259,0.68,128.843,-11.036,0,2,0.935,0.000321,0.308,0.0379,0,192200,19,1941,1941,Why Don't You Do Right (feat. Peggy Lee),,Avant-Garde,15.0
67469,['Peggy Lee'],[467749],0.828,0.191,0.685,121.94,-10.804,0,7,0.946,0.00347,0.0825,0.0432,0,136227,16,1941,1941,Let's Do It (Let's Fall In Love),,Avant-Garde,15.0
67470,['Peggy Lee'],[467749],0.481,0.0286,0.174,101.772,-24.899,0,9,0.973,1.95e-06,0.123,0.0311,0,197547,17,1941,1941,The Way You Look *******,,Avant-Garde,15.0
67471,['Peggy Lee'],[467749],0.688,0.0666,0.418,79.734,-15.897,1,3,0.969,1.26e-05,0.0763,0.0385,0,195027,13,1941,1941,***** In the *****,,Avant-Garde,15.0
67472,['Peggy Lee'],[467749],0.737,0.363,0.727,131.274,-10.962,1,8,0.929,0.168,0.0977,0.0711,0,188560,13,1941,1941,******** Else Is Taking My Place,,Avant-Garde,15.0
67473,['Peggy Lee'],[467749],0.733,0.431,0.893,153.962,-10.187,1,8,0.911,0.0151,0.292,0.053,0,180427,15,1941,1941,Winter Weather - Mono Recording,,Avant-Garde,15.0
67474,['Peggy Lee'],[467749],0.489,0.125,0.392,93.543,-12.529,0,5,0.978,0.0136,0.317,0.0287,0,194493,12,1941,1941,I Got It Bad (And That Ain't Good),,Avant-Garde,15.0
67475,['Peggy Lee'],[467749],0.523,0.373,0.653,162.996,-11.301,1,10,0.932,0.0303,0.131,0.0557,0,179867,13,1941,1941,I Threw a Kiss In the Ocean,,Avant-Garde,15.0
67476,['Peggy Lee'],[467749],0.67,0.165,0.8,142.661,-12.13,1,7,0.975,0.154,0.306,0.0459,0,170627,13,1941,1941,Elmer's Tune,,Avant-Garde,15.0
67477,['Peggy Lee'],[467749],0.407,0.119,0.235,74.806,-14.228,1,0,0.962,0.00713,0.122,0.0293,0,201533,14,1941,1941,All I Need Is You,,Avant-Garde,15.0
67478,['Peggy Lee'],[467749],0.676,0.145,0.464,110.49,-12.204,0,7,0.973,0.0019,0.0442,0.042,0,162307,12,1941,1941,I See A Million People (But All I Can See Is You),,Avant-Garde,15.0
67479,['Peggy Lee'],[467749],0.634,0.169,0.279,103.23,-11.895,0,7,0.984,0.0696,0.184,0.0302,0,184267,12,1941,1941,How **** Is the Ocean (feat. Peggy Lee),,Avant-Garde,15.0
67480,['Peggy Lee'],[467749],0.705,0.306,0.726,163.903,-13.139,1,1,0.948,0.242,0.333,0.0546,0,164733,11,1941,1941,Shady Lady Bird,,Avant-Garde,15.0
67481,['Peggy Lee'],[467749],0.737,0.35,0.712,128.831,-9.996,1,10,0.919,0.000198,0.192,0.0477,0,149040,11,1941,1941,"That Did It, Marie",,Avant-Garde,15.0
67482,['Peggy Lee'],[467749],0.829,0.269,0.741,130.432,-10.27,0,7,0.934,0.159,0.0411,0.0388,0,200360,11,1941,1941,******** ****** Loves,,Avant-Garde,15.0
67483,['Peggy Lee'],[467749],0.36,0.0784,0.124,73.634,-13.068,0,2,0.986,0.00523,0.137,0.0371,0,195533,11,1941,1941,How Long Has This Been Going On?,,Avant-Garde,15.0
67484,['Peggy Lee'],[467749],0.693,0.298,0.762,144.828,-10.564,1,3,0.942,0.000777,0.161,0.044,0,182400,10,1941,1941,If You Build a Better Mousetrap,,Avant-Garde,15.0
67485,['Peggy Lee'],[467749],0.476,0.111,0.166,78.602,-14.118,1,10,0.972,0.000506,0.133,0.0343,0,188400,11,1941,1941,My Old Flame (with Benny Goodman),,Avant-Garde,15.0
67486,['Peggy Lee'],[467749],0.816,0.286,0.634,120.552,-9.621,0,0,0.963,0.00421,0.141,0.0357,0,202000,10,1941,1941,Not Care In the World,,Avant-Garde,15.0
67487,['Peggy Lee'],[467749],0.75,0.245,0.797,137.091,-11.973,1,5,0.839,9.11e-05,0.0785,0.0436,0,120800,10,1941,1941,Let's Do It (Let's Fall In Love),,Avant-Garde,15.0
67488,['Peggy Lee'],[467749],0.622,0.153,0.432,88.407,-10.404,1,8,0.958,0.00834,0.119,0.0355,0,197907,10,1941,1941,Not Mine,,Avant-Garde,15.0
67489,['Peggy Lee'],[467749],0.708,0.295,0.593,144.261,-10.028,0,9,0.794,0.000189,0.105,0.042,0,195067,10,1941,1941,You're Easyto Dance With,,Avant-Garde,15.0
67490,['Peggy Lee'],[467749],0.529,0.17,0.364,106.932,-11.56,0,0,0.97,0.284,0.34,0.0285,0,188533,11,1941,1941,That's the Way It Goes,,Avant-Garde,15.0
67491,['Peggy Lee'],[467749],0.688,0.181,0.283,114.703,-12.471,0,7,0.981,0.213,0.218,0.0332,0,200293,10,1941,1941,How **** Is the Ocean,,Avant-Garde,15.0
67492,['Peggy Lee'],[467749],0.553,0.246,0.65,141.486,-11.93,1,2,0.944,0.0197,0.105,0.0328,0,196640,10,1941,1941,Full Moon,,Avant-Garde,15.0
67493,['Peggy Lee'],[467749],0.354,0.215,0.229,105.779,-12.022,1,1,0.949,0.00905,0.254,0.0311,0,189627,9,1941,1941,Let's Say a Prayer,,Avant-Garde,15.0
67494,['Peggy Lee'],[467749],0.336,0.11,0.346,87.353,-13.558,1,3,0.971,0.000736,0.0986,0.0312,0,197333,10,1941,1941,The Lamp of Memory,,Avant-Garde,15.0
67495,['Peggy Lee'],[467749],0.302,0.126,0.207,88.183,-12.769,1,0,0.959,0.202,0.508,0.0367,0,172440,10,1941,1941,When the Roses Bloom *****,,Avant-Garde,15.0
67496,['Peggy Lee'],[467749],0.704,0.316,0.763,140.999,-10.951,0,10,0.965,0.0166,0.418,0.037,0,160067,10,1941,1941,There Won't Be a Shortage of Love,,Avant-Garde,15.0
67497,['Peggy Lee'],[467749],0.554,0.121,0.116,99.796,-12.199,1,3,0.987,0.0117,0.14,0.031,0,184640,10,1941,1941,Ev'rything I Love,,Avant-Garde,15.0
67498,['Peggy Lee'],[467749],0.587,0.266,0.598,144.948,-11.839,0,7,0.969,0.0138,0.344,0.0571,0,197027,10,1941,1941,My Little Cousin,,Avant-Garde,15.0
67499,['Peggy Lee'],[467749],0.467,0.122,0.304,75.813,-12.384,0,7,0.914,1.99e-05,0.211,0.0325,0,196467,10,1941,1941,My Old Flame,,Avant-Garde,15.0
67518,['Peggy Lee'],[467749],0.748,0.409,0.909,154.107,-11.286,1,8,0.911,0.0212,0.319,0.0533,0,180013,0,1941,1941,Winter Weather - Mono Recording,,Avant-Garde,15.0
67509,['Peggy Lee'],[467749],0.683,0.243,0.826,151.66,-11.124,0,7,0.769,0.0,0.399,0.0494,0,154560,6,1948,3/19/1948,I Can't Give You Anything But Love,,Avant-Garde,15.0
67510,['Peggy Lee'],[467749],0.785,0.284,0.523,125.266,-10.177,0,9,0.768,2.49e-05,0.169,0.0433,0,147800,7,1948,3/19/1948,Why Don't You Do Right (Get Me **** Money Too),,Avant-Garde,15.0
67511,['Peggy Lee'],[467749],0.767,0.189,0.797,144.941,-12.098,1,7,0.845,1.68e-05,0.1,0.0533,0,177933,3,1948,3/19/1948,Them There Eyes,,Avant-Garde,15.0
67512,['Peggy Lee'],[467749],0.435,0.0995,0.359,128.744,-14.946,1,1,0.843,0.000126,0.0484,0.0374,0,189667,4,1948,3/19/1948,Stormy Weather,,Avant-Garde,15.0
67513,['Peggy Lee'],[467749],0.672,0.152,0.552,124.041,-13.927,1,7,0.873,0.00277,0.122,0.0369,0,184907,5,1948,3/19/1948,'Deed I Do,,Avant-Garde,15.0
67544,['Peggy Lee'],[467749],0.241,0.0819,0.0668,103.465,-18.851,0,7,0.938,0.041,0.413,0.0364,0,190227,3,1948,3/19/1948,Don't Smoke In Bed,,Avant-Garde,15.0
67500,['Peggy Lee'],[467749],0.468,0.256,0.413,126.649,-13.981,1,7,0.762,2e-05,0.465,0.0341,0,163240,24,1954,1/1/1954,Snow,,Avant-Garde,15.0
67522,['Peggy Lee'],[467749],0.585,0.192,0.498,114.22,-12.259,1,7,0.541,0.0,0.362,0.0419,0,148627,14,1954,1/1/1954,Sisters,,Avant-Garde,15.0
67523,['Peggy Lee'],[467749],0.201,0.259,0.183,86.332,-10.514,1,7,0.838,1.97e-06,0.189,0.029,0,200227,11,1954,1/1/1954,White Christmas,,Avant-Garde,15.0
67533,['Peggy Lee'],[467749],0.324,0.14,0.186,76.744,-15.666,0,4,0.727,2.73e-06,0.348,0.0349,0,183000,7,1954,1/1/1954,"Love, You Didn't Do Right By Me",,Avant-Garde,15.0
67402,['Peggy Lee'],[467749],0.452,0.149,0.31,102.48,-17.29,1,10,0.932,1.12e-06,0.374,0.0387,0,207347,7,1955,1/1/1955,******** Loves Me,,Avant-Garde,15.0
67403,['Peggy Lee'],[467749],0.232,0.251,0.0738,111.167,-16.176,1,0,0.87,0.0923,0.102,0.0359,0,135307,7,1955,1/1/1955,"Oh, Didn't He Ramble",,Avant-Garde,15.0
67411,['Peggy Lee'],[467749],0.183,0.164,0.164,76.898,-15.467,1,8,0.886,0.00924,0.289,0.0321,0,179120,6,1955,1/1/1955,I Never Knew,,Avant-Garde,15.0
67426,['Peggy Lee'],[467749],0.257,0.097,0.249,176.156,-16.302,1,10,0.911,5.08e-06,0.184,0.0373,0,153747,6,1955,1/1/1955,He Needs Me,,Avant-Garde,15.0
67501,['Peggy Lee'],[467749],0.334,0.169,0.174,38.406,-17.135,1,9,0.841,0.000501,0.254,0.0335,0,219907,35,1955,1/1/1955,Bye Bye Blackbird,,Avant-Garde,15.0
67529,['Peggy Lee'],[467749],0.615,0.303,0.573,109.681,-11.152,0,7,0.702,0.0,0.319,0.0517,0,155747,14,1955,1/1/1955,Sugar (That Sugar Baby Of Mine),,Avant-Garde,15.0
67534,['Peggy Lee'],[467749],0.307,0.169,0.15,106.673,-13.853,1,6,0.569,0.000468,0.178,0.0342,0,164773,14,1955,1/1/1955,Sing A Rainbow,,Avant-Garde,15.0
67550,['Peggy Lee'],[467749],0.646,0.324,0.802,131.227,-9.916,0,7,0.849,0.0,0.0966,0.0412,0,129707,8,1955,1/1/1955,What Can I Say After I Say I'm Sorry,,Avant-Garde,15.0
67560,['Peggy Lee'],[467749],0.649,0.606,0.804,134.993,-6.664,0,0,0.662,0.0,0.349,0.0434,0,135187,7,1955,1/1/1955,I'm Gonna Meet My Sweetie Now,,Avant-Garde,15.0
67404,['Peggy Lee'],[467749],0.512,0.0507,0.309,117.839,-15.687,0,8,0.927,0.0,0.0835,0.0498,0,199253,13,1956,1/1/1956,When The World Was Young,,Avant-Garde,15.0
67502,['Peggy Lee'],[467749],0.52,0.182,0.186,130.331,-11.472,1,8,0.845,1.87e-06,0.266,0.0423,0,186333,40,1956,1/1/1956,Black ****** - Single Version,,Avant-Garde,15.0
67514,['Peggy Lee'],[467749],0.718,0.385,0.64,94.147,-7.999,1,7,0.559,0.0,0.0938,0.0596,0,148893,31,1956,1/1/1956,I've Got You Under My Skin - Single Version,,Avant-Garde,15.0
67519,['Peggy Lee'],[467749],0.615,0.353,0.626,135.731,-7.936,0,0,0.788,0.0,0.0543,0.0442,0,128293,27,1956,1/1/1956,Love Me Or Leave Me,,Avant-Garde,15.0
67530,['Peggy Lee'],[467749],0.485,0.188,0.308,65.468,-16.533,1,8,0.857,7.23e-06,0.149,0.0541,0,202240,21,1956,1/1/1956,Gee Baby (Ain't I Good To You),,Avant-Garde,15.0
67536,['Peggy Lee'],[467749],0.562,0.562,0.712,127.913,-6.6,1,7,0.331,0.0,0.113,0.0425,0,127547,17,1956,1/1/1956,My Heart Belongs To Daddy - Single Version,,Avant-Garde,15.0
67545,['Peggy Lee'],[467749],0.411,0.204,0.233,77.183,-15.719,1,0,0.857,0.0,0.11,0.0511,0,168040,16,1956,1/1/1956,There's A Small Hotel,,Avant-Garde,15.0
67551,['Peggy Lee'],[467749],0.496,0.205,0.135,134.116,-13.337,1,7,0.873,0.0,0.137,0.0421,0,203093,17,1956,1/1/1956,It Ain't Necessarily So,,Avant-Garde,15.0
67552,['Peggy Lee'],[467749],0.43,0.0863,0.136,104.132,-17.913,1,5,0.907,0.0,0.127,0.046,0,193120,15,1956,1/1/1956,A Woman Alone With The *****,,Avant-Garde,15.0
67553,['Peggy Lee'],[467749],0.408,0.131,0.258,123.754,-14.194,0,10,0.929,0.0,0.0977,0.0386,0,163427,15,1956,1/1/1956,Easy Living,,Avant-Garde,15.0
67554,['Peggy Lee'],[467749],0.598,0.173,0.447,76.729,-12.829,1,1,0.789,0.0,0.194,0.055,0,137280,14,1956,1/1/1956,I Didn't Know What Time It Was,,Avant-Garde,15.0
67555,['Peggy Lee'],[467749],0.37,0.0489,0.112,105.928,-20.368,1,1,0.92,6.55e-06,0.139,0.0453,0,203133,15,1956,1/1/1956,You're My Thrill,,Avant-Garde,15.0
4356,['Moondog'],[496525],0.542,0.378,0.609,93.619,-18.753,1,6,0.507,0.762,0.109,0.0567,0,110200,12,1956,1956,Big Cat,,Avant-Garde,15.0
4357,['Moondog'],[496525],0.657,0.373,0.975,55.808,-18.445,1,0,0.41,1.23e-06,0.802,0.351,0,50773,11,1956,1956,Dance Rehearsal,,Avant-Garde,15.0
4358,['Moondog'],[496525],0.653,0.988,0.284,104.68,-17.74,1,8,0.0677,2.39e-05,0.18,0.0786,0,76667,10,1956,1956,Tap Dance,,Avant-Garde,15.0
4360,['Moondog'],[496525],0.446,0.525,0.193,172.733,-18.86,1,6,0.0996,0.0652,0.278,0.485,0,217667,9,1956,1956,Street Scene,,Avant-Garde,15.0
4362,['Moondog'],[496525],0.512,0.624,0.581,102.791,-20.64,0,6,0.474,0.908,0.0977,0.0684,0,137707,9,1956,1956,**** Suite,,Avant-Garde,15.0
4366,['Moondog'],[496525],0.862,0.786,0.971,101.475,-16.177,0,9,0.0762,0.102,0.0784,0.0327,0,90760,22,1956,1956,Caribea,,Avant-Garde,15.0
4367,['Moondog'],[496525],0.608,0.097,0.471,119.808,-22.651,1,2,0.99,0.904,0.117,0.0759,0,103000,21,1956,1956,To A Sea Horse,,Avant-Garde,15.0
4368,['Moondog'],[496525],0.74,0.393,0.96,101.613,-21.38,0,5,0.77,0.326,0.0974,0.0554,0,49667,18,1956,1956,Trees ******* The Sky,,Avant-Garde,15.0
4369,['Moondog'],[496525],0.699,0.799,0.86,115.234,-14.407,0,11,0.057,0.00125,0.0203,0.0551,0,123373,17,1956,1956,"Death, When You Come To Me",,Avant-Garde,15.0
4370,['Moondog'],[496525],0.377,0.562,0.56,80.878,-13.396,0,7,0.879,0.11,0.668,0.335,0,135133,18,1956,1956,Tree Trail,,Avant-Garde,15.0
4372,['Moondog'],[496525],0.306,0.921,0.613,84.051,-10.498,1,5,0.693,0.623,0.152,0.502,0,415533,16,1956,1956,Surf Session,,Avant-Garde,15.0
4374,['Moondog'],[496525],0.633,0.637,0.893,178.743,-14.892,1,8,0.317,0.12,0.377,0.0883,0,133640,13,1956,1956,Lullaby,,Avant-Garde,15.0
4375,['Moondog'],[496525],0.356,0.623,0.963,180.378,-13.764,0,9,0.705,0.00163,0.186,0.289,0,129200,12,1956,1956,Frog Bog,,Avant-Garde,15.0
4376,['Moondog'],[496525],0.394,0.944,0.785,135.25,-14.026,1,8,0.00172,0.926,0.0396,0.0595,0,67533,13,1956,1956,Oo Debut,,Avant-Garde,15.0
67405,['Peggy Lee'],[467749],0.262,0.219,0.118,112.194,-13.534,0,10,0.968,0.00439,0.158,0.0323,0,225013,19,1957,1957,The Man I Love - **** Digital Remaster,,Avant-Garde,15.0
67433,['Peggy Lee'],[467749],0.227,0.142,0.107,167.499,-16.745,1,3,0.856,0.00144,0.367,0.0351,0,244680,12,1957,1957,Happiness Is A Thing ****** Joe - Remastered,,Avant-Garde,15.0
67443,['Peggy Lee'],[467749],0.258,0.152,0.153,103.636,-15.405,1,4,0.947,0.00259,0.324,0.0365,0,173627,11,1957,1957,That's All,,Avant-Garde,15.0
67451,['Peggy Lee'],[467749],0.629,0.281,0.527,126.595,-10.66,1,8,0.865,0.0,0.096,0.0522,0,134547,14,1957,1957,So ****,,Avant-Garde,15.0
67452,['Peggy Lee'],[467749],0.644,0.539,0.719,138.07,-6.881,0,7,0.765,0.0,0.0895,0.0652,0,142240,10,1957,1957,It's All Right With Me,,Avant-Garde,15.0
67456,['Peggy Lee'],[467749],0.223,0.104,0.0853,78.416,-14.811,1,11,0.943,6.28e-05,0.124,0.033,0,164397,10,1957,1957,My Heart Stood Still,,Avant-Garde,15.0
67457,['Peggy Lee'],[467749],0.201,0.228,0.0863,78.326,-14.509,1,8,0.954,0.0189,0.112,0.0332,0,253160,9,1957,1957,Please Be Kind,,Avant-Garde,15.0
67515,['Peggy Lee'],[467749],0.211,0.18,0.101,83.208,-16.177,0,5,0.96,0.242,0.271,0.0352,0,218053,38,1957,1957,The Folks Who Live On The Hill - **** Digital Remaster,,Avant-Garde,15.0
67427,['Peggy Lee'],[467749],0.388,0.00615,0.256,84.402,-28.159,1,8,0.982,3.74e-05,0.0823,0.044,0,149493,11,1958,9/30/1958,I Don't Want To Play In Your Yard,,Avant-Garde,15.0
67397,"['Peggy Lee', 'George Shearing']","[467749, 642664]",0.514,0.0838,0.208,64.232,-19.331,1,9,0.98,0.000452,0.105,0.0339,0,144293,13,1959,1959,"There'll Be Another Spring - Live In Miami, ******* / Remastered ****",,Avant-Garde,15.0
67398,"['Peggy Lee', 'George Shearing']","[467749, 642664]",0.53,0.053,0.182,122.024,-22.161,0,5,0.979,0.00815,0.132,0.0382,0,154573,11,1959,1959,"All Too Soon - Live In Miami, ******* / Remastered ****",,Avant-Garde,15.0
67399,"['Peggy Lee', 'George Shearing']","[467749, 642664]",0.56,0.162,0.539,210.783,-13.675,0,5,0.816,1.06e-05,0.0933,0.0608,0,171000,11,1959,1959,"You Came A Long Way From St. Louis - Live In Miami, ******* / Remastered ****",,Avant-Garde,15.0
67400,"['Peggy Lee', 'George Shearing']","[467749, 642664]",0.658,0.174,0.471,94.455,-15.294,1,5,0.938,8.28e-05,0.104,0.0306,0,183267,24,1959,1959,"Do I Love You? - Live In Miami, ******* / Remastered ****",,Avant-Garde,15.0
67401,"['Peggy Lee', 'George Shearing']","[467749, 642664]",0.621,0.172,0.374,104.552,-14.907,1,1,0.927,6.01e-05,0.0932,0.044,0,147267,14,1959,1959,"I Lost My Sugar In Salt Lake City - Live In Miami, ******* / Remastered ****",,Avant-Garde,15.0
67406,['Peggy Lee'],[467749],0.563,0.367,0.696,130.302,-9.673,0,7,0.467,0.0,0.114,0.0541,0,147000,15,1959,1/1/1959,Back In Your Own Back Yard,,Avant-Garde,15.0
67412,['Peggy Lee'],[467749],0.66,0.24,0.63,106.294,-12.416,0,5,0.731,0.0,0.287,0.0431,0,176720,15,1959,1959,I Don't Know Enough About You,,Avant-Garde,15.0
67413,['Peggy Lee'],[467749],0.621,0.127,0.329,81.415,-14.823,1,10,0.918,1.5e-06,0.131,0.044,0,162000,17,1959,5/4/1959,You're Getting To Be A Habit With Me - Remastered,,Avant-Garde,15.0
67421,['Peggy Lee'],[467749],0.514,0.395,0.792,176.659,-8.16,0,0,0.683,0.0,0.391,0.0433,0,125493,16,1959,1/1/1959,Jump For Joy,,Avant-Garde,15.0
67428,['Peggy Lee'],[467749],0.775,0.389,0.471,131.061,-8.902,0,9,0.71,0.000363,0.134,0.0685,0,134200,15,1959,5/4/1959,It's A Wonderful World,,Avant-Garde,15.0
67429,['Peggy Lee'],[467749],0.85,0.264,0.613,130.644,-9.358,1,7,0.767,0.0,0.0897,0.0755,0,108907,14,1959,5/4/1959,I'm Beginning To See The Light,,Avant-Garde,15.0
67430,['Peggy Lee'],[467749],0.658,0.419,0.777,83.139,-11.365,0,5,0.389,0.0,0.14,0.0817,0,133333,11,1959,1959,My Man,,Avant-Garde,15.0
67434,['Peggy Lee'],[467749],0.696,0.369,0.68,76.765,-7.495,1,8,0.54,0.0,0.134,0.0415,0,193000,13,1959,5/4/1959,Life Is For Livin',,Avant-Garde,15.0
67440,['Peggy Lee'],[467749],0.589,0.386,0.518,142.371,-8.013,0,5,0.75,0.0,0.15,0.0441,0,127800,13,1959,5/4/1959,Alone Together,,Avant-Garde,15.0
67444,['Peggy Lee'],[467749],0.704,0.239,0.699,76.259,-12.71,1,0,0.914,1.82e-06,0.119,0.0574,0,136800,12,1959,5/4/1959,Lullaby In Rhythm,,Avant-Garde,15.0
67453,['Peggy Lee'],[467749],0.533,0.235,0.367,86.971,-11.1,0,1,0.797,0.0,0.3,0.0425,0,176013,11,1959,1959,They Can't Take That Away From Me,,Avant-Garde,15.0
67458,['Peggy Lee'],[467749],0.669,0.26,0.567,127.273,-11.805,1,3,0.774,0.0,0.111,0.0403,0,119720,11,1959,1/1/1959,When My Sugar Walks Down The Street,,Avant-Garde,15.0
67459,['Peggy Lee'],[467749],0.654,0.303,0.799,70.109,-11.948,0,0,0.748,0.0,0.31,0.034,0,167227,11,1959,1/1/1959,Cheek To Cheek,,Avant-Garde,15.0
67460,['Peggy Lee'],[467749],0.466,0.245,0.531,119.832,-14.08,0,10,0.702,0.0,0.117,0.0395,0,179787,10,1959,1/1/1959,Old Devil Moon,,Avant-Garde,15.0
67503,['Peggy Lee'],[467749],0.838,0.171,0.397,135.925,-12.614,0,4,0.23,0.0,0.11,0.0729,0,199600,52,1959,5/4/1959,Fever,,Avant-Garde,15.0
67504,['Peggy Lee'],[467749],0.648,0.241,0.634,135.887,-11.98,1,7,0.755,0.0,0.146,0.0407,0,133813,50,1959,1/1/1959,Ain't We Got Fun,,Avant-Garde,15.0
67520,['Peggy Lee'],[467749],0.325,0.0891,0.172,110.567,-18.699,1,7,0.899,4.54e-05,0.556,0.0348,0,197973,37,1959,1959,Mr. Wonderful,,Avant-Garde,15.0
67531,['Peggy Lee'],[467749],0.55,0.236,0.449,139.934,-14.264,0,7,0.855,0.000741,0.118,0.0465,0,139960,24,1959,5/4/1959,"It's Been A Long, Long Time",,Avant-Garde,15.0
67537,['Peggy Lee'],[467749],0.705,0.187,0.5,110.85,-12.014,0,9,0.699,0.0,0.179,0.0369,0,172547,24,1959,1/1/1959,Just In Time,,Avant-Garde,15.0
67538,['Peggy Lee'],[467749],0.728,0.422,0.69,116.813,-5.932,0,5,0.663,0.0,0.0832,0.0533,0,130200,23,1959,5/4/1959,Ridin' High,,Avant-Garde,15.0
67556,['Peggy Lee'],[467749],0.686,0.319,0.796,98.229,-10.147,1,10,0.774,0.0,0.0846,0.0468,0,132693,20,1959,5/4/1959,Things Are Swingin',,Avant-Garde,15.0
67561,['Peggy Lee'],[467749],0.698,0.333,0.802,137.983,-5.111,1,0,0.557,0.0,0.0934,0.0391,0,173840,19,1959,5/4/1959,"Alright, Okay, You Win",,Avant-Garde,15.0
67407,['Peggy Lee'],[467749],0.659,0.144,0.452,116.863,-14.291,1,0,0.805,0.0,0.303,0.083,0,147733,17,1960,5/1/1960,Whee Baby,,Avant-Garde,15.0
67408,['Peggy Lee'],[467749],0.678,0.121,0.69,104.915,-16.664,1,7,0.77,0.0,0.187,0.0362,0,149093,17,1960,5/1/1960,You Don't Know - **** Version,,Avant-Garde,15.0
67414,['Peggy Lee'],[467749],0.744,0.225,0.845,130.778,-17.33,0,0,0.776,2.15e-05,0.111,0.0433,0,130360,16,1960,1/4/1960,Hey There,,Avant-Garde,15.0
67415,['Peggy Lee'],[467749],0.683,0.489,0.761,111.506,-13.223,1,0,0.758,0.0,0.292,0.0518,0,133227,15,1960,1/4/1960,On The Street Where You Live - Remastered,,Avant-Garde,15.0
67416,['Peggy Lee'],[467749],0.388,0.0792,0.122,123.65,-17.685,1,1,0.892,0.0,0.113,0.0462,0,177693,15,1960,5/1/1960,Let's **** It A Day - Remastered,,Avant-Garde,15.0
67417,['Peggy Lee'],[467749],0.763,0.177,0.636,124.543,-13.848,1,1,0.607,0.0,0.0776,0.0823,0,145093,16,1960,5/1/1960,Louisville Lou (That Vampin' Lady) - Remastered,,Avant-Garde,15.0
67422,['Peggy Lee'],[467749],0.465,0.053,0.633,120.371,-20.22,1,1,0.922,0.00023,0.111,0.0366,0,141120,16,1960,5/1/1960,Where Do I Go From Here,,Avant-Garde,15.0
67423,['Peggy Lee'],[467749],0.784,0.246,0.556,127.43,-17.913,1,10,0.772,0.00703,0.0828,0.0364,0,149507,14,1960,1/4/1960,Dance Only With Me,,Avant-Garde,15.0
67424,['Peggy Lee'],[467749],0.632,0.255,0.426,103.113,-17.325,0,5,0.871,0.0,0.15,0.029,0,167667,12,1960,1/4/1960,Wish You Were Here,,Avant-Garde,15.0
67431,['Peggy Lee'],[467749],0.679,0.337,0.955,152.486,-13.54,0,3,0.807,0.0,0.0512,0.118,0,119867,14,1960,1/4/1960,The Surrey With The Fringe On Top,,Avant-Garde,15.0
67435,['Peggy Lee'],[467749],0.454,0.0594,0.292,187.659,-21.163,0,7,0.908,1.16e-05,0.177,0.0441,0,172387,14,1960,5/1/1960,I'm Lookin' Out The Window - Remastered,,Avant-Garde,15.0
67436,['Peggy Lee'],[467749],0.499,0.329,0.764,121.84,-10.747,1,8,0.731,0.0,0.231,0.055,0,151467,14,1960,5/1/1960,It Keeps You Young,,Avant-Garde,15.0
67437,['Peggy Lee'],[467749],0.648,0.495,0.89,126.181,-14.216,0,10,0.817,0.0,0.1,0.083,0,130707,13,1960,1/4/1960,I Am In Love - Remastered,,Avant-Garde,15.0
67445,['Peggy Lee'],[467749],0.28,0.146,0.144,116.412,-15.65,0,4,0.797,3.58e-05,0.117,0.0347,0,179933,11,1960,1960,Fly Me To The Moon (In Other Words),,Avant-Garde,15.0
67461,['Peggy Lee'],[467749],0.785,0.316,0.91,133.488,-13.634,1,2,0.852,7.56e-06,0.102,0.0738,0,125827,8,1960,12/1/1960,Fantastico - Remastered,,Avant-Garde,15.0
67505,['Peggy Lee'],[467749],0.833,0.0756,0.338,136.007,-20.822,0,4,0.314,0.0,0.111,0.147,0,202693,56,1960,5/1/1960,Fever,,Avant-Garde,15.0
67506,['Peggy Lee'],[467749],0.674,0.195,0.594,100.101,-19.334,1,0,0.858,5.4e-05,0.324,0.0341,0,151973,43,1960,1/4/1960,Till There Was You - Remastered,,Avant-Garde,15.0
67524,['Peggy Lee'],[467749],0.708,0.215,0.654,139.165,-15.075,1,1,0.435,0.0,0.0483,0.423,0,149973,30,1960,5/1/1960,"Hallelujah, I Love Him So",,Avant-Garde,15.0
67535,['Peggy Lee'],[467749],0.703,0.102,0.669,61.207,-18.57,1,0,0.828,0.0,0.12,0.0862,0,146787,25,1960,5/1/1960,You Deserve - Remastered ****,,Avant-Garde,15.0
67539,['Peggy Lee'],[467749],0.65,0.481,0.825,145.378,-12.444,1,10,0.777,0.0,0.117,0.101,0,134867,19,1960,1/4/1960,I Enjoy Being A ****,,Avant-Garde,15.0
67540,['Peggy Lee'],[467749],0.756,0.553,0.943,122.211,-13.605,1,9,0.363,0.0,0.282,0.12,0,178253,20,1960,5/1/1960,Manana (Is Soon Enough For Me),,Avant-Garde,15.0
67546,['Peggy Lee'],[467749],0.711,0.489,0.926,145.048,-11.978,1,0,0.709,1.11e-06,0.143,0.0846,0,119867,21,1960,1/4/1960,Heart,,Avant-Garde,15.0
67547,['Peggy Lee'],[467749],0.731,0.215,0.751,83.164,-15.796,0,9,0.186,1.13e-06,0.114,0.0722,0,133587,19,1960,5/1/1960,My Man - Remastered ****,,Avant-Garde,15.0
67548,['Peggy Lee'],[467749],0.617,0.121,0.415,84.188,-22.946,1,9,0.922,0.0033,0.105,0.0427,0,198600,21,1960,1/4/1960,The Party's Over,,Avant-Garde,15.0
67549,['Peggy Lee'],[467749],0.735,0.303,0.841,139.214,-17.446,0,11,0.79,0.000109,0.139,0.0423,0,126427,19,1960,1/4/1960,C'est Magnifique,,Avant-Garde,15.0
67557,['Peggy Lee'],[467749],0.253,0.166,0.18,106.476,-16.882,1,11,0.829,0.000313,0.14,0.0313,0,173133,18,1960,1960,The Christmas Waltz,,Avant-Garde,15.0
67562,['Peggy Lee'],[467749],0.714,0.483,0.897,146.515,-13.143,1,5,0.805,0.0692,0.26,0.104,0,129867,16,1960,1/4/1960,I Could Have Danced All ***** - Remastered,,Avant-Garde,15.0
67446,['Peggy Lee'],[467749],0.327,0.156,0.168,94.052,-13.521,1,5,0.826,3.88e-05,0.227,0.03,0,172733,12,1961,1961,As Time Goes By,,Avant-Garde,15.0
67409,['Peggy Lee'],[467749],0.776,0.157,0.777,145.261,-13.412,1,7,0.842,1.49e-05,0.0927,0.0597,0,177827,20,1962,7/1/1962,Them There Eyes,,Avant-Garde,15.0
67438,['Peggy Lee'],[467749],0.66,0.209,0.838,138.137,-13.016,1,0,0.592,0.0,0.281,0.0458,0,174333,15,1962,7/1/1962,"Alright, Okay, You Win",,Avant-Garde,15.0
67439,['Peggy Lee'],[467749],0.637,0.0612,0.468,78.944,-15.443,0,9,0.885,0.0,0.0921,0.0397,0,203400,17,1962,7/1/1962,I Don't Know Enough About You,,Avant-Garde,15.0
67447,['Peggy Lee'],[467749],0.578,0.156,0.448,88.395,-16.604,1,2,0.601,0.000477,0.118,0.0283,0,182560,12,1962,7/1/1962,****** Earrings,,Avant-Garde,15.0
67462,['Peggy Lee'],[467749],0.61,0.349,0.59,124.486,-9.986,1,7,0.768,0.0,0.252,0.0998,0,158173,9,1962,1/1/1962,Los Angeles ***** - Remastered,,Avant-Garde,15.0
67463,['Peggy Lee'],[467749],0.65,0.312,0.657,123.863,-9.085,1,10,0.818,0.0,0.317,0.0497,0,157933,8,1962,1/1/1962,San Francisco ***** - Remastered,,Avant-Garde,15.0
67507,['Peggy Lee'],[467749],0.835,0.228,0.824,122.808,-11.486,1,7,0.81,7.23e-05,0.163,0.0721,0,175067,44,1962,7/1/1962,It's A Good Day - Remastered,,Avant-Garde,15.0
67516,['Peggy Lee'],[467749],0.75,0.243,0.568,125.123,-11.374,0,2,0.789,1.18e-06,0.121,0.0493,0,148533,41,1962,7/1/1962,Why Don't You Do Right (Get Me **** Money Too) - Remastered ****,,Avant-Garde,15.0
67418,['Peggy Lee'],[467749],0.585,0.35,0.663,99.645,-10.996,0,11,0.562,0.0,0.0992,0.0524,0,131120,21,1963,1/1/1963,I'm A Woman,,Avant-Garde,15.0
67508,['Peggy Lee'],[467749],0.296,0.23,0.217,79.103,-17.38,0,4,0.863,0.000155,0.109,0.045,0,181200,47,1963,6/11/1963,Johnny Guitar,,Avant-Garde,15.0
67448,['Peggy Lee'],[467749],0.398,0.613,0.335,73.142,-10.121,1,1,0.178,0.00014,0.339,0.0961,0,199813,13,1964,1/1/1964,Lover,,Avant-Garde,15.0
67541,['Peggy Lee'],[467749],0.717,0.194,0.758,114.744,-13.088,0,7,0.749,1.07e-06,0.0793,0.043,0,154160,28,1964,1/1/1964,This Is A Very Special Day,,Avant-Garde,15.0
67558,['Peggy Lee'],[467749],0.635,0.35,0.808,118.142,-13.183,1,0,0.882,0.0,0.12,0.0493,0,130440,24,1964,9/1/1964,There'll Be **** Changes Made,,Avant-Garde,15.0
67525,['Peggy Lee'],[467749],0.408,0.23,0.581,183.599,-10.518,0,9,0.762,0.0,0.0838,0.0394,0,122120,43,1965,11/15/1965,I Go To Sleep,,Avant-Garde,15.0
67526,['Peggy Lee'],[467749],0.832,0.489,0.882,120.089,-10.863,1,8,0.575,0.000192,0.0931,0.138,0,145773,36,1965,4/1/1965,**** Me By,,Avant-Garde,15.0
67521,['Peggy Lee'],[467749],0.698,0.409,0.897,140.824,-12.878,1,5,0.609,0.0,0.385,0.0352,0,129067,43,1966,10/1/1966,Sweet Happy Life,,Avant-Garde,15.0
67532,['Peggy Lee'],[467749],0.796,0.215,0.572,111.157,-9.409,1,6,0.495,0.0,0.101,0.0726,0,127800,34,1966,4/4/1966,Big Spender,,Avant-Garde,15.0
67419,['Peggy Lee'],[467749],0.654,0.246,0.858,105.348,-11.606,1,8,0.602,0.0,0.0816,0.04,0,152533,29,1967,8/1/1967,Sing A Rainbow - Remastered,,Avant-Garde,15.0
67425,['Peggy Lee'],[467749],0.814,0.195,0.695,117.945,-13.573,0,5,0.803,0.0,0.0827,0.0583,0,126760,26,1967,4/1/1967,A Doodlin' Song - Remastered,,Avant-Garde,15.0
81415,['Terry Riley'],[750519],0.492,0.507,0.0791,131.792,-9.464,1,7,0.982,0.913,0.164,0.0434,0,2516987,20,1968,1968,In C - **** Remastered,,Avant-Garde,15.0
67432,['Peggy Lee'],[467749],0.761,0.124,0.696,94.022,-21.096,0,2,0.886,0.505,0.0857,0.0757,0,187867,26,1969,1/1/1969,Me And My Shadow,,Avant-Garde,15.0
67517,['Peggy Lee'],[467749],0.458,0.0899,0.386,109.574,-18.824,1,10,0.863,0.0,0.137,0.0362,0,262000,51,1969,1/1/1969,Is That All There Is?,,Avant-Garde,15.0
4359,['Moondog'],[496525],0.437,0.499,0.643,94.084,-13.2,1,2,0.765,0.848,0.13,0.0335,0,136560,31,1969,1/1/1969,Stamping Ground - ************,,Avant-Garde,15.0
4361,['Moondog'],[496525],0.539,0.562,0.825,102.234,-14.867,1,7,0.964,0.825,0.13,0.0459,0,179720,29,1969,1/1/1969,Theme - ************,,Avant-Garde,15.0
4363,['Moondog'],[496525],0.586,0.395,0.869,103.749,-13.545,0,4,0.885,0.938,0.0876,0.0553,0,169947,24,1969,1/1/1969,Symphonique #6 (Good For Goodie) - ************,,Avant-Garde,15.0
4364,['Moondog'],[496525],0.292,0.418,0.182,103.624,-14.295,1,0,0.452,0.17,0.144,0.0352,0,393853,23,1969,1/1/1969,Witch of Endor - ************,,Avant-Garde,15.0
4365,['Moondog'],[496525],0.373,0.31,0.207,109.021,-15.666,1,10,0.857,0.337,0.104,0.0555,0,359960,23,1969,1/1/1969,Minisym ** - ************,,Avant-Garde,15.0
4373,['Moondog'],[496525],0.634,0.528,0.714,121.548,-13.753,1,7,0.767,0.933,0.0935,0.0397,0,106667,37,1969,1/1/1969,"Lament I, ""Bird's Lament"" - ************",,Avant-Garde,15.0
81416,['Terry Riley'],[750519],0.0935,0.197,0.0339,87.855,-17.291,1,7,0.874,0.929,0.124,0.0416,0,1298000,23,1969,1969,Poppy Nogood and the Phantom Band - ************,,Avant-Garde,15.0
81417,['Terry Riley'],[750519],0.197,0.422,0.131,172.806,-17.453,1,2,0.672,0.58,0.128,0.0505,0,1119333,33,1969,1969,A Rainbow in the Curved Air - ************,,Avant-Garde,15.0
67454,['Peggy Lee'],[467749],0.205,0.437,0.283,174.425,-11.276,0,11,0.458,0.000931,0.278,0.0332,0,206379,29,1972,1/1/1972,It Takes Too Long To Learn To Live Alone,,Avant-Garde,15.0
38933,['Harold Budd'],[186927],0.0892,0.0162,0.0266,56.015,-31.304,0,5,0.962,0.962,0.0887,0.0449,0,859600,27,1978,1978,Rosetti Noise/Chrystal Garden And A Coda,,Avant-Garde,15.0
38935,['Harold Budd'],[186927],0.127,0.034,0.0312,78.848,-30.796,1,3,0.981,0.791,0.0929,0.0452,0,500027,27,1978,1978,Juno,,Avant-Garde,15.0
38938,['Harold Budd'],[186927],0.119,0.052,0.0319,83.501,-23.698,1,6,0.963,0.861,0.113,0.0366,0,1107267,36,1978,1978,Bismillahi 'Rrahmani 'Rrahim,,Avant-Garde,15.0
38939,['Harold Budd'],[186927],0.171,0.0332,0.039,172.938,-22.575,1,1,0.982,0.472,0.101,0.0482,0,382867,35,1978,1978,Let Us Go Into The House Of The Lord/Butterfly Sunday,,Avant-Garde,15.0
67449,['Peggy Lee'],[467749],0.796,0.215,0.572,111.157,-9.409,1,6,0.495,0.0,0.101,0.0726,0,127800,29,1979,1979,Big Spender,,Avant-Garde,15.0
38921,"['Harold Budd', 'Brian Eno']","[186927, 617196]",0.125,0.0108,0.164,71.332,-32.126,1,0,0.991,0.945,0.057,0.0376,0,426533,44,1980,1980,First Light - **** Digital Remaster,,Avant-Garde,15.0
38922,"['Harold Budd', 'Brian Eno']","[186927, 617196]",0.234,0.0138,0.0344,91.085,-30.699,0,8,0.988,0.83,0.106,0.0487,0,253893,43,1980,1980,The Plateaux Of Mirror - **** Digital Remaster,,Avant-Garde,15.0
38928,"['Harold Budd', 'Brian Eno']","[186927, 617196]",0.494,0.00159,0.0964,79.899,-37.57,1,10,0.995,0.946,0.0785,0.0521,0,89813,35,1980,1980,Steal Away - **** Digital Remaster,,Avant-Garde,15.0
38929,"['Harold Budd', 'Brian Eno']","[186927, 617196]",0.262,0.0576,0.0345,103.415,-23.49,0,1,0.99,0.942,0.121,0.0334,0,230853,35,1980,1980,Not Yet Remembered - **** Digital Remaster,,Avant-Garde,15.0
38936,['Harold Budd'],[186927],0.221,0.0417,0.0316,75.282,-24.457,1,10,0.939,0.891,0.0917,0.0324,0,246707,24,1981,1981,The Serpent (in Quicksilver),,Avant-Garde,15.0
52103,['Laurie Anderson'],[785773],0.81,0.521,0.966,111.173,-10.437,1,8,0.418,0.13,0.0351,0.0319,0,273373,32,1982,1982,From the Air,,Avant-Garde,15.0
52104,['Laurie Anderson'],[785773],0.69,0.135,0.37,82.905,-11.296,1,5,0.467,0.187,0.133,0.0373,0,296547,35,1982,1982,"Born, Never Asked",,Avant-Garde,15.0
52105,['Laurie Anderson'],[785773],0.679,0.262,0.424,82.553,-12.815,1,0,0.862,0.533,0.183,0.0343,0,234707,33,1982,1982,Let X=X,,Avant-Garde,15.0
52106,['Laurie Anderson'],[785773],0.535,0.174,0.134,74.328,-14.861,1,7,0.883,0.913,0.107,0.0313,0,382653,30,1982,1982,Big Science,,Avant-Garde,15.0
52107,['Laurie Anderson'],[785773],0.8,0.024,0.309,148.57,-20.703,0,0,0.963,0.207,0.101,0.0524,0,505147,44,1982,1982,O Superman,,Avant-Garde,15.0
38917,"['Harold Budd', 'Brian Eno']","[186927, 617196]",0.186,0.00873,0.0384,68.31,-37.611,1,11,0.934,0.84,0.1,0.0419,0,252347,33,1984,1984,Still Return - **** Digital Remaster,,Avant-Garde,15.0
38918,"['Harold Budd', 'Brian Eno']","[186927, 617196]",0.137,0.00746,0.084,70.895,-32.135,1,6,0.958,0.932,0.0774,0.0403,0,282400,33,1984,1984,Dark Eyed Sister - **** Digital Remaster,,Avant-Garde,15.0
38919,"['Harold Budd', 'Brian Eno']","[186927, 617196]",0.0792,0.0409,0.0266,81.78,-28.675,0,10,0.927,0.928,0.0942,0.0469,0,148293,33,1984,1984,An Echo Of ***** - **** Digital Remaster,,Avant-Garde,15.0
38920,"['Harold Budd', 'Brian Eno']","[186927, 617196]",0.115,0.00151,0.0298,69.634,-36.995,0,10,0.989,0.82,0.112,0.0454,0,292213,52,1984,1984,******* The Sky - **** Digital Remaster,,Avant-Garde,15.0
38923,"['Harold Budd', 'Brian Eno']","[186927, 617196]",0.342,0.0314,0.117,100.022,-25.319,0,3,0.992,0.906,0.0767,0.0439,0,232440,42,1984,1984,Foreshadowed - **** Digital Remaster,,Avant-Garde,15.0
38924,"['Harold Budd', 'Brian Eno']","[186927, 617196]",0.0762,0.0528,0.133,80.67,-33.396,1,3,0.983,0.906,0.105,0.0365,0,236747,42,1984,1984,A Stream With Bright Fish - **** Digital Remaster,,Avant-Garde,15.0
38925,"['Harold Budd', 'Brian Eno']","[186927, 617196]",0.207,0.00769,0.0456,122.714,-32.85,0,1,0.995,0.966,0.321,0.0431,0,284133,38,1984,1984,Late October - **** Digital Remaster,,Avant-Garde,15.0
38926,"['Harold Budd', 'Brian Eno']","[186927, 617196]",0.0664,0.00407,0.0374,71.376,-39.94,1,0,0.994,0.958,0.0712,0.0366,0,261560,37,1984,1984,Lost In The Humming Air - **** Digital Remaster,,Avant-Garde,15.0
38927,"['Harold Budd', 'Brian Eno']","[186927, 617196]",0.116,0.0844,0.0434,76.834,-30.308,1,7,0.98,0.937,0.104,0.0375,0,177600,37,1984,1984,Their Memories - **** Digital Remaster,,Avant-Garde,15.0
38930,"['Harold Budd', 'Brian Eno']","[186927, 617196]",0.0802,0.0176,0.0489,81.378,-29.853,0,6,0.939,0.814,0.0812,0.0434,0,211253,35,1984,1984,The Silver Ball - **** Digital Remaster,,Avant-Garde,15.0
38931,"['Harold Budd', 'Brian Eno']","[186927, 617196]",0.0693,0.00313,0.0385,73.878,-41.164,0,7,0.994,0.876,0.109,0.0471,0,194453,34,1984,1984,The Pearl - **** Digital Remaster,,Avant-Garde,15.0
38934,['Harold Budd'],[186927],0.115,0.209,0.035,56.082,-17.14,1,3,0.84,0.913,0.0878,0.0412,0,434707,29,1986,1986,Flowered Knife Shadows,,Avant-Garde,15.0
38937,['Harold Budd'],[186927],0.196,0.00687,0.053,72.125,-34.255,1,7,0.992,0.917,0.106,0.0442,0,138427,63,1986,1986,Olancha Farewell,,Avant-Garde,15.0
59480,"['Meredith Monk', 'Collin Walcott']","[406733, 89828]",0.301,0.00249,0.793,68.434,-34.366,1,4,0.996,0.19,0.0641,0.0636,0,139000,39,1986,1986,*** Song,,Avant-Garde,15.0
9178,['Arthur Russell'],[475362],0.259,0.248,0.0557,138.649,-15.797,1,0,0.0498,0.0096,0.238,0.0327,0,316493,30,1986,1986,Being It,,Avant-Garde,15.0
9180,['Arthur Russell'],[475362],0.653,0.265,0.129,121.021,-17.536,1,6,0.191,0.00331,0.355,0.0499,0,64693,30,1986,1986,Tone Bone Kone,,Avant-Garde,15.0
9182,['Arthur Russell'],[475362],0.447,0.252,0.172,147.999,-15.481,1,7,0.468,0.000928,0.176,0.0471,0,296707,27,1986,1986,***** The Star/I Take This Time,,Avant-Garde,15.0
9183,['Arthur Russell'],[475362],0.398,0.367,0.27,133.272,-17.821,1,2,0.111,0.523,0.127,0.0538,0,208000,27,1986,1986,Place I Know/Kid Like You,,Avant-Garde,15.0
9184,['Arthur Russell'],[475362],0.543,0.142,0.143,101.347,-20.989,1,0,0.586,0.00889,0.181,0.067,0,575867,46,1986,1986,Soon-To-Be Innocent Fun/Let's See,,Avant-Garde,15.0
9186,['Arthur Russell'],[475362],0.691,0.157,0.201,101.466,-21.504,0,10,0.00726,0.666,0.17,0.157,0,130640,43,1986,1986,Answers Me,,Avant-Garde,15.0
62102,['Morton Feldman'],[943649],0.168,0.00198,0.0279,69.344,-40.147,0,9,0.98,0.957,0.104,0.0493,0,172867,37,1991,1991,Rothko Chapel 5,,Avant-Garde,15.0
16117,['Boyzone'],[3214680],0.431,0.721,0.668,156.12,-10.123,1,9,0.063,0.0,0.12,0.0528,0,218133,61,1995,1/1/1995,Love Me For A Reason,,Avant-Garde,15.0
67542,['Peggy Lee'],[467749],0.794,0.0715,0.333,68.331,-21.305,1,7,0.388,0.0,0.111,0.131,0,202507,49,1995,1/1/1995,Fever - Remastered,,Avant-Garde,15.0
16115,['Boyzone'],[3214680],0.768,0.919,0.862,116.649,-6.066,1,0,0.109,1.14e-06,0.366,0.0416,0,206040,65,1997,1/1/1997,Picture Of You,,Avant-Garde,15.0
67410,['Peggy Lee'],[467749],0.433,0.186,0.264,44.316,-16.458,1,7,0.932,0.0,0.198,0.0359,0,144573,38,1997,1/1/1997,"What a ******** a **** - From ""Lady and the ***************** Version",,Avant-Garde,15.0
67420,['Peggy Lee'],[467749],0.707,0.251,0.652,124.081,-10.74,0,2,0.801,0.0,0.105,0.0378,0,149227,47,1997,1/1/1997,Why Don't You Do Right (Get Me **** Money Too),,Avant-Garde,15.0
67441,['Peggy Lee'],[467749],0.549,0.226,0.52,88.266,-16.432,1,10,0.854,0.00648,0.0837,0.0342,0,155867,36,1997,1/1/1997,"The Siamese Cat Song/What's Going on Down There - From ""Lady and the ***************** Version",,Avant-Garde,15.0
4371,['Moondog'],[496525],0.594,0.291,0.0979,63.384,-11.158,1,2,0.763,0.879,0.106,0.0429,0,123893,51,1997,11/28/1997,Bird's Lament,,Avant-Garde,15.0
16114,['Boyzone'],[3214680],0.55,0.474,0.5,150.001,-9.841,1,0,0.511,0.00417,0.0926,0.0277,0,194093,55,1998,5/25/1998,Baby Can I Hold You - Edit,,Avant-Garde,15.0
16116,['Boyzone'],[3214680],0.704,0.417,0.532,92.726,-9.41,1,7,0.187,2.13e-06,0.137,0.0243,0,274267,64,1998,5/25/1998,No Matter What,,Avant-Garde,15.0
67442,['Peggy Lee'],[467749],0.84,0.197,0.817,122.769,-12.96,1,7,0.779,8.79e-05,0.154,0.0932,0,172947,42,1998,1/1/1998,It's A Good Day,,Avant-Garde,15.0
67559,['Peggy Lee'],[467749],0.751,0.271,0.494,125.534,-10.175,0,9,0.796,1.25e-05,0.238,0.0536,0,147800,45,1998,1/1/1998,Why Don't You Do Right (Get Me **** Money Too) - Remastered ****,,Avant-Garde,15.0
17314,['Buckethead'],[594765],0.505,0.782,0.723,159.764,-14.951,0,6,0.921,0.93,0.0996,0.042,0,73253,44,1998,1/1/1998,Big Sur Moon,,Avant-Garde,15.0
17316,['Buckethead'],[594765],0.49,0.598,0.252,163.195,-8.67,0,8,0.0141,0.95,0.128,0.102,0,310080,38,1998,1/1/1998,For Mom,,Avant-Garde,15.0
17318,['Buckethead'],[594765],0.674,0.608,0.509,81.024,-9.998,0,10,0.212,0.835,0.078,0.0424,0,284360,46,1998,1/1/1998,Whitewash,,Avant-Garde,15.0
9179,['Arthur Russell'],[475362],0.795,0.573,0.868,125.34,-11.846,0,5,0.321,0.00144,0.113,0.0509,0,298907,44,2000,2/13/2000,Get Around To It,,Avant-Garde,15.0
9181,['Arthur Russell'],[475362],0.812,0.49,0.925,105.038,-8.646,1,7,0.365,0.0337,0.105,0.0574,0,169733,40,2000,2/13/2000,Make ***,,Avant-Garde,15.0
9185,['Arthur Russell'],[475362],0.66,0.406,0.447,137.635,-13.341,0,1,0.436,0.000243,0.197,0.0435,0,418493,54,2000,2/13/2000,That's Us/Wild Combination,,Avant-Garde,15.0
67455,['Peggy Lee'],[467749],0.393,0.23,0.231,106.422,-15.023,1,7,0.91,0.0,0.142,0.0451,0,146587,39,2001,1/1/2001,"He's a **** - From ""Lady and the ****** / Soundtrack Version",,Avant-Garde,15.0
67450,['Peggy Lee'],[467749],0.618,0.314,0.548,88.825,-13.88,1,10,0.805,0.00204,0.0886,0.0341,0,129227,39,2002,8/20/2002,"The Siamese Cat Song - From ""Lady and the ******",,Avant-Garde,15.0
16113,['Boyzone'],[3214680],0.452,0.346,0.349,163.901,-9.755,1,2,0.237,0.0,0.162,0.0264,0,213253,58,2003,3/17/2003,Every Day I Love You,,Avant-Garde,15.0
17317,['Buckethead'],[594765],0.581,0.869,0.368,109.986,-3.677,0,0,0.00242,0.859,0.0868,0.0646,0,393427,45,2005,11/1/2005,Nottingham Lace,,Avant-Garde,15.0
67543,['Peggy Lee'],[467749],0.185,0.0893,0.258,79.123,-20.396,1,1,0.977,0.00773,0.113,0.044,0,96800,50,2006,1/1/2006,La La Lu,,Avant-Garde,15.0
64116,['Nils Frahm'],[1098849],0.409,0.0523,0.344,145.833,-25.613,1,1,0.993,0.943,0.117,0.0343,0,227184,61,2009,12/7/2009,Ambre,,Avant-Garde,15.0
17315,['Buckethead'],[594765],0.23,0.766,0.227,151.106,-3.849,0,10,0.000424,0.838,0.159,0.0398,0,544800,52,2009,3/21/2009,Soothsayer (Dedicated to Aunt ******,,Avant-Garde,15.0
38932,"['Harold Budd', 'Robin Guthrie']","[186927, 247545]",0.0821,0.104,0.0354,74.773,-21.088,1,11,0.985,0.794,0.0907,0.0379,0,293627,57,2011,11/21/2011,Don't Go Where I Can't Find You,,Avant-Garde,15.0
64114,['Nils Frahm'],[1098849],0.458,0.0743,0.232,108.93,-24.145,0,6,0.993,0.91,0.103,0.0532,0,230125,55,2012,12/3/2012,Re,,Avant-Garde,15.0
64117,['Nils Frahm'],[1098849],0.312,0.0465,0.116,40.645,-24.748,0,8,0.985,0.857,0.118,0.068,0,191031,57,2012,12/3/2012,La,,Avant-Garde,15.0
64115,['Nils Frahm'],[1098849],0.359,0.0224,0.169,107.849,-29.089,1,3,0.987,0.866,0.111,0.039,0,354989,60,2016,3/4/2016,*****,,Avant-Garde,15.0
